"id","coef_loo","delta","delta_estandarizado"
"principal_P9",43.1428571428572,-7.85714285714246,-2.49508403475822
"principal_P16",57.8571428571427,6.85714285714306,2.17752788487984
"principal_P13",44.4285714285721,-6.57142857142756,-2.08679755634304
"principal_P15",57.0000000000001,6.00000000000039,1.90533689926991
"principal_P11",55.8571428571432,4.8571428571435,1.54241558512334
"principal_P10",48.5714285714284,-2.4285714285713,-0.771207792561713
"principal_P12",50.1428571428573,-0.857142857142392,-0.272190985609964
"principal_P6",51.0000000000006,9.30810983845731e-13,1.71484283773909e-13
"principal_P2",51.0000000000006,8.88178419700125e-13,1.57946050844389e-13
"principal_P4",51.0000000000004,7.03437308402499e-13,9.92803748164734e-14
"principal_P14",51.0000000000004,6.82121026329696e-13,9.25112583517138e-14
"principal_P17",51.0000000000003,6.3948846218409e-13,7.89730254221947e-14
"principal_P19",51.0000000000003,6.03961325396085e-13,6.76911646475955e-14
"principal_P23",51.0000000000002,5.32907051820075e-13,4.5127443098397e-14
"principal_P5",51,2.91322521661641e-13,-3.15892101688779e-14
"principal_P8",50.9999999999999,1.84741111297626e-13,-6.54347924926756e-14
"principal_P22",50.9999999999999,1.77635683940025e-13,-6.76911646475955e-14
"principal_P20",50.9999999999998,9.2370555648813e-14,-9.47676305066337e-14
"principal_P21",50.9999999999996,-8.5265128291212e-14,-1.5117693437963e-13
"principal_P3",50.9999999999997,2.8421709430404e-14,-1.15074979900912e-13
"principal_P1",50.9999999999997,1.4210854715202e-14,-1.19587724210752e-13
"principal_P18",50.9999999999997,-1.4210854715202e-14,-1.28613212830431e-13
"principal_P7",50.9999999999997,7.105427357601e-15,-1.21844096365672e-13
