"tema","media","varianza_cero","p_condicion","p_tiempo","p_tiempo_fdr","p_condicion_fdr"
"rate_soledad",23.8712869061394,FALSE,0.247884621595196,0.00287791926753433,0.0287791926753433,0.56044797689773
"rate_espera",0.661785037132707,FALSE,0.778091060144346,0.122196506510544,0.254596612162106,0.846523964141031
"rate_incomunicacion",2.69122401484792,FALSE,0.15128656293741,0.127298306081053,0.254596612162106,0.56044797689773
"rate_objetos",25.7183909590317,FALSE,0.717812469459237,0.777909319769538,0.777909319769538,0.846523964141031
"rate_emociones_negativas",2.38505282193188,FALSE,0.232118045256216,0.29916073444166,0.380933534532953,0.56044797689773
"rate_luz_sombra",1.27538796719383,FALSE,0.263667749365474,0.0809958355324195,0.254596612162106,0.56044797689773
"rate_pasividad",2.58318298816083,FALSE,0.336268786138638,0.120175288976192,0.254596612162106,0.56044797689773
"rate_desconexion",0.0591540964211771,FALSE,0.320594939751763,0.304746827626363,0.380933534532953,0.56044797689773
"rate_duda",0.638928134739052,FALSE,0.461548519381316,0.566247007494474,0.629163341660527,0.659355027687594
"rate_espacio",27.3094563134228,FALSE,0.846523964141031,0.207671361413575,0.346118935689291,0.846523964141031
