"celda","media","ic_bajo","mediana","ic_alto"
"Audio-1",90.508688501196,60.1013625368631,88.8473196000767,128.920046811121
"Imagen-1",76.1279322335435,48.8596177392883,74.3751866703985,116.563487449568
"Texto-1",80.0858079156402,51.4238046084203,77.9429841444742,119.282805474724
"Audio-2",147.865382853118,97.7384767338193,144.971483701374,215.948577074777
"Imagen-2",112.3072025159,70.6821160387809,109.484826167752,172.369831847559
"Texto-2",123.425656797665,78.2317157921012,119.999144363727,185.670508513729
"Audio-3",187.98101068571,125.065876751256,184.517896701665,277.546097523716
"Imagen-3",144.654501212216,92.7032828536661,140.155843761502,218.233194314382
"Texto-3",154.005292419263,98.2080972066695,150.106389834311,228.83797446814
