"","Estimate","Est.Error","Q2.5","Q97.5"
"Intercept",4.4394915610455,0.229298079710875,3.97739284367586,4.88237046079943
"conImagen",-0.196271361370525,0.329640334360558,-0.845630479285432,0.452240523134844
"conTexto",-0.144291365696139,0.312438712414251,-0.741953118877681,0.475732517678525
"tie2",0.540370721322219,0.134551474670593,0.271674966461925,0.802090900375595
"tie3",0.789415905189528,0.134947236743015,0.525405520746774,1.04773910051998
"conImagen:tie2",-0.154272110496959,0.200515383019843,-0.547383707939817,0.246275917893636
"conTexto:tie2",-0.110459218404624,0.191291670120173,-0.474064613346927,0.260988718430307
"conImagen:tie3",-0.149294639152021,0.200134821817754,-0.541518784452738,0.245614135969579
"conTexto:tie3",-0.136088592020065,0.190629763942873,-0.521730058764466,0.242901317548881
