"constructo","prox_t1_modelo2","prox_t2_modelo2","prox_t3_modelo2","delta_T3_T1_modelo2","delta_T3_T1_modelo1"
"duda",0.253469912807974,0.263366443127165,0.286807635226817,0.0333377224188435,0.0234523831298384
"incertidumbre",0.248927877330739,0.261661479626139,0.275184043314652,0.0262561659839131,0.0100328658681055
"pasividad",0.310836138277974,0.29416151812453,0.28620706308587,-0.0246290751921044,-0.0203390854072797
"afrontamiento",0.205509304453678,0.213469934791278,0.22691238527793,0.0214030808242522,0.00418390455689856
"miedo",0.264685515336609,0.273921958363357,0.284628946127957,0.0199434307913478,0.0126112882398909
"emociones_negativas",0.294407974938443,0.303198328572922,0.313850298696096,0.0194423237576523,0.0127730273039434
"contacto_con_el_referente",0.263531695844461,0.271733507005304,0.2828041381448,0.0192724423003392,NA
"ansiedad_malestar",0.314554625155965,0.319565972202296,0.32977888169453,0.0152242565385652,0.00353772619411487
"confianza",0.209197311567165,0.215181640700696,0.2241791850208,0.0149818734536348,0.0133440350888866
"agencia",0.197089692708365,0.1956092510106,0.211989793940609,0.0149001012322435,0.0262873302633145
"control",0.239617985928548,0.240661360083783,0.254291594492443,0.0146736085638957,0.0139090655952674
"tristeza",0.301839918091956,0.308969470715783,0.316453962763887,0.0146140446719305,0.00766145104486308
"luz_sombra",0.304257196246035,0.321619465912956,0.317905618525939,0.0136484222799043,0.0173991466642756
"evitacion",0.254737561873878,0.249449587352739,0.26513400321213,0.0103964413382522,0.00712556342216508
"desconexion",0.3523436070062,0.36485994925387,0.362477883119052,0.0101342761128522,0.000438970581700614
"incomunicacion",0.308640823426452,0.314048586826235,0.318445333350183,0.00980450992373044,-0.00103404115009491
"imaginacion",0.357604157180983,0.371613450912539,0.366144612976235,0.0085404557952522,NA
"espera",0.287212510572148,0.288038880104843,0.294793562757339,0.00758105218519139,-0.00182146729532516
"espacio",0.345362402598617,0.356021454781226,0.352403462983983,0.00704106038536523,0.00105246942763109
"esperanza",0.196432335673183,0.201815551912104,0.203196465074435,0.00676412940125218,0.0187438547770674
"soledad",0.417777022294748,0.426358834810139,0.4130912977084,-0.00468572458634781,-0.0204123882190575
"objetos",0.2953796615704,0.306307212463052,0.298526506203904,0.0031468446335044,-0.00286025198373144
